{"cameraMode":{"drawMode":0,"name":"Shaded","section":"Shading Mode"},"sceneLighting":true,"audioPlay":false,"sceneViewState":{"m_AlwaysRefresh":false,"showFog":true,"showSkybox":true,"showFlares":true,"showImageEffects":true,"showParticleSystems":true,"showVisualEffectGraphs":true,"m_FxEnabled":true},"in2DMode":false,"pivot":{"x":-0.6756846308708191,"y":6.719891548156738,"z":-4.675015449523926},"rotation":{"x":0.30250391364097597,"y":-0.054061662405729297,"z":0.017212403938174249,"w":0.9515296220779419},"size":1.3843592405319214,"orthographic":false}